"OriginalPath","BackupPath","LastWriteTime","Length"
"C:\Users\labuser\AppData\Local\Temp\2\.ses","C:\Users\labuser\Documents\Training\Day3\TempCleanupArtifacts\RollbackStore_20260805_113834\C\Users\labuser\AppData\Local\Temp\2\.ses","8/3/2026 8:33:59 AM","53"
"C:\Users\labuser\AppData\Local\Temp\2\337afda6-cce2-496c-9feb-807b5aa8d7b2.tmp","C:\Users\labuser\Documents\Training\Day3\TempCleanupArtifacts\RollbackStore_20260805_113834\C\Users\labuser\AppData\Local\Temp\2\337afda6-cce2-496c-9feb-807b5aa8d7b2.tmp","8/3/2026 8:34:03 AM","0"
"C:\Users\labuser\AppData\Local\Temp\2\42b62aa9-12f7-415c-bfde-eabdd63ed7e8.tmp","C:\Users\labuser\Documents\Training\Day3\TempCleanupArtifacts\RollbackStore_20260805_113834\C\Users\labuser\AppData\Local\Temp\2\42b62aa9-12f7-415c-bfde-eabdd63ed7e8.tmp","8/3/2026 8:35:06 AM","0"
"C:\Users\labuser\AppData\Local\Temp\2\45777371-4f29-4a65-bde4-f9d13faacf9c.tmp","C:\Users\labuser\Documents\Training\Day3\TempCleanupArtifacts\RollbackStore_20260805_113834\C\Users\labuser\AppData\Local\Temp\2\45777371-4f29-4a65-bde4-f9d13faacf9c.tmp","8/3/2026 8:34:36 AM","0"
"C:\Users\labuser\AppData\Local\Temp\2\4b125627-6b8c-40b4-8651-4fe9182a215b.tmp","C:\Users\labuser\Documents\Training\Day3\TempCleanupArtifacts\RollbackStore_20260805_113834\C\Users\labuser\AppData\Local\Temp\2\4b125627-6b8c-40b4-8651-4fe9182a215b.tmp","8/5/2026 9:09:29 AM","7435"
"C:\Users\labuser\AppData\Local\Temp\2\54e2e1d3-0b83-4eca-ae48-555a2ca677f1.tmp","C:\Users\labuser\Documents\Training\Day3\TempCleanupArtifacts\RollbackStore_20260805_113834\C\Users\labuser\AppData\Local\Temp\2\54e2e1d3-0b83-4eca-ae48-555a2ca677f1.tmp","8/3/2026 8:33:20 AM","7435"
"C:\Users\labuser\AppData\Local\Temp\2\cv_debug.log","C:\Users\labuser\Documents\Training\Day3\TempCleanupArtifacts\RollbackStore_20260805_113834\C\Users\labuser\AppData\Local\Temp\2\cv_debug.log","8/3/2026 11:33:34 AM","722"
"C:\Users\labuser\AppData\Local\Temp\2\exthost-0106b4.cpuprofile","C:\Users\labuser\Documents\Training\Day3\TempCleanupArtifacts\RollbackStore_20260805_113834\C\Users\labuser\AppData\Local\Temp\2\exthost-0106b4.cpuprofile","8/5/2026 9:09:52 AM","26986"
"C:\Users\labuser\AppData\Local\Temp\2\exthost-ae830d.cpuprofile","C:\Users\labuser\Documents\Training\Day3\TempCleanupArtifacts\RollbackStore_20260805_113834\C\Users\labuser\AppData\Local\Temp\2\exthost-ae830d.cpuprofile","8/5/2026 9:09:46 AM","9671"
"C:\Users\labuser\AppData\Local\Temp\2\f87c3f67-12b1-4ed4-8ecf-cd635bea6b60.tmp","C:\Users\labuser\Documents\Training\Day3\TempCleanupArtifacts\RollbackStore_20260805_113834\C\Users\labuser\AppData\Local\Temp\2\f87c3f67-12b1-4ed4-8ecf-cd635bea6b60.tmp","8/3/2026 8:34:37 AM","684017"
"C:\Users\labuser\AppData\Local\Temp\2\msedge_installer.log","C:\Users\labuser\Documents\Training\Day3\TempCleanupArtifacts\RollbackStore_20260805_113834\C\Users\labuser\AppData\Local\Temp\2\msedge_installer.log","8/3/2026 8:34:05 AM","14015"
"C:\Users\labuser\AppData\Local\Temp\2\wmsetup.log","C:\Users\labuser\Documents\Training\Day3\TempCleanupArtifacts\RollbackStore_20260805_113834\C\Users\labuser\AppData\Local\Temp\2\wmsetup.log","8/3/2026 8:31:49 AM","703"
"C:\Users\labuser\AppData\Local\Temp\2\gen_py\3.9\dicts.dat","C:\Users\labuser\Documents\Training\Day3\TempCleanupArtifacts\RollbackStore_20260805_113834\C\Users\labuser\AppData\Local\Temp\2\gen_py\3.9\dicts.dat","8/3/2026 8:32:20 AM","10"
"C:\Users\labuser\AppData\Local\Temp\2\gen_py\3.9\__init__.py","C:\Users\labuser\Documents\Training\Day3\TempCleanupArtifacts\RollbackStore_20260805_113834\C\Users\labuser\AppData\Local\Temp\2\gen_py\3.9\__init__.py","8/3/2026 8:32:20 AM","176"
"C:\Users\labuser\AppData\Local\Temp\2\vscode-stable-system-x64\CodeSetup-stable-df53daabb18cd157bdb08c7f01c34df936cf12f4.exe","C:\Users\labuser\Documents\Training\Day3\TempCleanupArtifacts\RollbackStore_20260805_113834\C\Users\labuser\AppData\Local\Temp\2\vscode-stable-system-x64\CodeSetup-stable-df53daabb18cd157bdb08c7f01c34df936cf12f4.exe","8/5/2026 10:54:57 AM","237798584"
"C:\Users\labuser\AppData\Local\Temp\2\vscode-stable-system-x64\update-metadata.json","C:\Users\labuser\Documents\Training\Day3\TempCleanupArtifacts\RollbackStore_20260805_113834\C\Users\labuser\AppData\Local\Temp\2\vscode-stable-system-x64\update-metadata.json","8/5/2026 10:55:07 AM","475"
"C:\Windows\Temp\bb3a785178f443fda931098a5a9a306b.db.ses","C:\Users\labuser\Documents\Training\Day3\TempCleanupArtifacts\RollbackStore_20260805_113834\C\Windows\Temp\bb3a785178f443fda931098a5a9a306b.db.ses","8/3/2026 7:57:30 AM","53"
"C:\Windows\Temp\MpCmdRun.log","C:\Users\labuser\Documents\Training\Day3\TempCleanupArtifacts\RollbackStore_20260805_113834\C\Windows\Temp\MpCmdRun.log","8/3/2026 8:19:28 AM","8562"
"C:\Windows\Temp\MpSigStub.log","C:\Users\labuser\Documents\Training\Day3\TempCleanupArtifacts\RollbackStore_20260805_113834\C\Windows\Temp\MpSigStub.log","8/5/2026 8:31:06 AM","207742"
"C:\Windows\Temp\silconfig.log","C:\Users\labuser\Documents\Training\Day3\TempCleanupArtifacts\RollbackStore_20260805_113834\C\Windows\Temp\silconfig.log","8/5/2026 10:53:31 AM","102"
"C:\Windows\Temp\_env.cmd","C:\Users\labuser\Documents\Training\Day3\TempCleanupArtifacts\RollbackStore_20260805_113834\C\Windows\Temp\_env.cmd","8/3/2026 7:56:40 AM","1175"
"C:\Windows\Temp\chocolatey\activitywatch\0.13.2\activitywatch-v0.13.2-windows-x86_64.zip","C:\Users\labuser\Documents\Training\Day3\TempCleanupArtifacts\RollbackStore_20260805_113834\C\Windows\Temp\chocolatey\activitywatch\0.13.2\activitywatch-v0.13.2-windows-x86_64.zip","8/3/2026 7:53:15 AM","115013156"
"C:\Windows\Temp\chocolatey\chocoInstall\chocolatey.nuspec","C:\Users\labuser\Documents\Training\Day3\TempCleanupArtifacts\RollbackStore_20260805_113834\C\Windows\Temp\chocolatey\chocoInstall\chocolatey.nuspec","5/10/2023 10:53:30 AM","3820"
"C:\Windows\Temp\chocolatey\chocoInstall\chocolatey.zip","C:\Users\labuser\Documents\Training\Day3\TempCleanupArtifacts\RollbackStore_20260805_113834\C\Windows\Temp\chocolatey\chocoInstall\chocolatey.zip","8/3/2026 7:52:25 AM","4446219"
"C:\Windows\Temp\chocolatey\chocoInstall\[Content_Types].xml","C:\Users\labuser\Documents\Training\Day3\TempCleanupArtifacts\RollbackStore_20260805_113834\C\Windows\Temp\chocolatey\chocoInstall\[Content_Types].xml","5/10/2023 10:53:32 AM","932"
"C:\Windows\Temp\chocolatey\chocoInstall\package\services\metadata\core-properties\5ad4dc75cc79452d8e7e738cb4a3286e.psmdcp","C:\Users\labuser\Documents\Training\Day3\TempCleanupArtifacts\RollbackStore_20260805_113834\C\Windows\Temp\chocolatey\chocoInstall\package\services\metadata\core-properties\5ad4dc75cc79452d8e7e738cb4a3286e.psmdcp","5/10/2023 10:53:32 AM","3495"
"C:\Windows\Temp\chocolatey\chocoInstall\tools\chocolateyInstall.ps1","C:\Users\labuser\Documents\Training\Day3\TempCleanupArtifacts\RollbackStore_20260805_113834\C\Windows\Temp\chocolatey\chocoInstall\tools\chocolateyInstall.ps1","5/10/2023 10:53:30 AM","15846"
"C:\Windows\Temp\chocolatey\chocoInstall\tools\chocolateysetup.psm1","C:\Users\labuser\Documents\Training\Day3\TempCleanupArtifacts\RollbackStore_20260805_113834\C\Windows\Temp\chocolatey\chocoInstall\tools\chocolateysetup.psm1","5/10/2023 10:53:30 AM","46947"
"C:\Windows\Temp\chocolatey\chocoInstall\tools\init.ps1","C:\Users\labuser\Documents\Training\Day3\TempCleanupArtifacts\RollbackStore_20260805_113834\C\Windows\Temp\chocolatey\chocoInstall\tools\init.ps1","5/10/2023 10:53:30 AM","14383"
"C:\Windows\Temp\chocolatey\chocoInstall\tools\VERIFICATION.txt","C:\Users\labuser\Documents\Training\Day3\TempCleanupArtifacts\RollbackStore_20260805_113834\C\Windows\Temp\chocolatey\chocoInstall\tools\VERIFICATION.txt","5/10/2023 10:53:30 AM","1145"
"C:\Windows\Temp\chocolatey\chocoInstall\tools\chocolateyInstall\choco.exe","C:\Users\labuser\Documents\Training\Day3\TempCleanupArtifacts\RollbackStore_20260805_113834\C\Windows\Temp\chocolatey\chocoInstall\tools\chocolateyInstall\choco.exe","5/10/2023 10:53:30 AM","7613568"
"C:\Windows\Temp\chocolatey\chocoInstall\tools\chocolateyInstall\choco.exe.ignore","C:\Users\labuser\Documents\Training\Day3\TempCleanupArtifacts\RollbackStore_20260805_113834\C\Windows\Temp\chocolatey\chocoInstall\tools\chocolateyInstall\choco.exe.ignore","5/10/2023 10:53:32 AM","0"
"C:\Windows\Temp\chocolatey\chocoInstall\tools\chocolateyInstall\choco.exe.manifest","C:\Users\labuser\Documents\Training\Day3\TempCleanupArtifacts\RollbackStore_20260805_113834\C\Windows\Temp\chocolatey\chocoInstall\tools\chocolateyInstall\choco.exe.manifest","5/10/2023 10:53:30 AM","3106"
"C:\Windows\Temp\chocolatey\chocoInstall\tools\chocolateyInstall\CREDITS.txt","C:\Users\labuser\Documents\Training\Day3\TempCleanupArtifacts\RollbackStore_20260805_113834\C\Windows\Temp\chocolatey\chocoInstall\tools\chocolateyInstall\CREDITS.txt","5/10/2023 10:53:30 AM","46954"
"C:\Windows\Temp\chocolatey\chocoInstall\tools\chocolateyInstall\LICENSE.txt","C:\Users\labuser\Documents\Training\Day3\TempCleanupArtifacts\RollbackStore_20260805_113834\C\Windows\Temp\chocolatey\chocoInstall\tools\chocolateyInstall\LICENSE.txt","5/10/2023 10:53:30 AM","670"
"C:\Windows\Temp\chocolatey\chocoInstall\tools\chocolateyInstall\helpers\chocolateyInstaller.psm1","C:\Users\labuser\Documents\Training\Day3\TempCleanupArtifacts\RollbackStore_20260805_113834\C\Windows\Temp\chocolatey\chocoInstall\tools\chocolateyInstall\helpers\chocolateyInstaller.psm1","5/10/2023 10:53:30 AM","16849"
"C:\Windows\Temp\chocolatey\chocoInstall\tools\chocolateyInstall\helpers\chocolateyProfile.psm1","C:\Users\labuser\Documents\Training\Day3\TempCleanupArtifacts\RollbackStore_20260805_113834\C\Windows\Temp\chocolatey\chocoInstall\tools\chocolateyInstall\helpers\chocolateyProfile.psm1","5/10/2023 10:53:30 AM","14124"
"C:\Windows\Temp\chocolatey\chocoInstall\tools\chocolateyInstall\helpers\chocolateyScriptRunner.ps1","C:\Users\labuser\Documents\Training\Day3\TempCleanupArtifacts\RollbackStore_20260805_113834\C\Windows\Temp\chocolatey\chocoInstall\tools\chocolateyInstall\helpers\chocolateyScriptRunner.ps1","5/10/2023 10:53:30 AM","16403"
"C:\Windows\Temp\chocolatey\chocoInstall\tools\chocolateyInstall\helpers\ChocolateyTabExpansion.ps1","C:\Users\labuser\Documents\Training\Day3\TempCleanupArtifacts\RollbackStore_20260805_113834\C\Windows\Temp\chocolatey\chocoInstall\tools\chocolateyInstall\helpers\ChocolateyTabExpansion.ps1","5/10/2023 10:53:30 AM","26408"
"C:\Windows\Temp\chocolatey\chocoInstall\tools\chocolateyInstall\helpers\functions\Format-FileSize.ps1","C:\Users\labuser\Documents\Training\Day3\TempCleanupArtifacts\RollbackStore_20260805_113834\C\Windows\Temp\chocolatey\chocoInstall\tools\chocolateyInstall\helpers\functions\Format-FileSize.ps1","5/10/2023 10:53:30 AM","14697"
"C:\Windows\Temp\chocolatey\chocoInstall\tools\chocolateyInstall\helpers\functions\Get-CheckSumValid.ps1","C:\Users\labuser\Documents\Training\Day3\TempCleanupArtifacts\RollbackStore_20260805_113834\C\Windows\Temp\chocolatey\chocoInstall\tools\chocolateyInstall\helpers\functions\Get-CheckSumValid.ps1","5/10/2023 10:53:30 AM","24450"
"C:\Windows\Temp\chocolatey\chocoInstall\tools\chocolateyInstall\helpers\functions\Get-ChocolateyPath.ps1","C:\Users\labuser\Documents\Training\Day3\TempCleanupArtifacts\RollbackStore_20260805_113834\C\Windows\Temp\chocolatey\chocoInstall\tools\chocolateyInstall\helpers\functions\Get-ChocolateyPath.ps1","5/10/2023 10:53:30 AM","15636"
"C:\Windows\Temp\chocolatey\chocoInstall\tools\chocolateyInstall\helpers\functions\Get-ChocolateyUnzip.ps1","C:\Users\labuser\Documents\Training\Day3\TempCleanupArtifacts\RollbackStore_20260805_113834\C\Windows\Temp\chocolatey\chocoInstall\tools\chocolateyInstall\helpers\functions\Get-ChocolateyUnzip.ps1","5/10/2023 10:53:30 AM","23935"
"C:\Windows\Temp\chocolatey\chocoInstall\tools\chocolateyInstall\helpers\functions\Get-ChocolateyWebFile.ps1","C:\Users\labuser\Documents\Training\Day3\TempCleanupArtifacts\RollbackStore_20260805_113834\C\Windows\Temp\chocolatey\chocoInstall\tools\chocolateyInstall\helpers\functions\Get-ChocolateyWebFile.ps1","5/10/2023 10:53:30 AM","29453"
"C:\Windows\Temp\chocolatey\chocoInstall\tools\chocolateyInstall\helpers\functions\Get-EnvironmentVariable.ps1","C:\Users\labuser\Documents\Training\Day3\TempCleanupArtifacts\RollbackStore_20260805_113834\C\Windows\Temp\chocolatey\chocoInstall\tools\chocolateyInstall\helpers\functions\Get-EnvironmentVariable.ps1","5/10/2023 10:53:30 AM","17069"
"C:\Windows\Temp\chocolatey\chocoInstall\tools\chocolateyInstall\helpers\functions\Get-EnvironmentVariableNames.ps1","C:\Users\labuser\Documents\Training\Day3\TempCleanupArtifacts\RollbackStore_20260805_113834\C\Windows\Temp\chocolatey\chocoInstall\tools\chocolateyInstall\helpers\functions\Get-EnvironmentVariableNames.ps1","5/10/2023 10:53:30 AM","15006"
"C:\Windows\Temp\chocolatey\chocoInstall\tools\chocolateyInstall\helpers\functions\Get-FtpFile.ps1","C:\Users\labuser\Documents\Training\Day3\TempCleanupArtifacts\RollbackStore_20260805_113834\C\Windows\Temp\chocolatey\chocoInstall\tools\chocolateyInstall\helpers\functions\Get-FtpFile.ps1","5/10/2023 10:53:30 AM","20892"
"C:\Windows\Temp\chocolatey\chocoInstall\tools\chocolateyInstall\helpers\functions\Get-OSArchitectureWidth.ps1","C:\Users\labuser\Documents\Training\Day3\TempCleanupArtifacts\RollbackStore_20260805_113834\C\Windows\Temp\chocolatey\chocoInstall\tools\chocolateyInstall\helpers\functions\Get-OSArchitectureWidth.ps1","5/10/2023 10:53:30 AM","15877"
"C:\Windows\Temp\chocolatey\chocoInstall\tools\chocolateyInstall\helpers\functions\Get-PackageParameters.ps1","C:\Users\labuser\Documents\Training\Day3\TempCleanupArtifacts\RollbackStore_20260805_113834\C\Windows\Temp\chocolatey\chocoInstall\tools\chocolateyInstall\helpers\functions\Get-PackageParameters.ps1","5/10/2023 10:53:30 AM","20205"
"C:\Windows\Temp\chocolatey\chocoInstall\tools\chocolateyInstall\helpers\functions\Get-ToolsLocation.ps1","C:\Users\labuser\Documents\Training\Day3\TempCleanupArtifacts\RollbackStore_20260805_113834\C\Windows\Temp\chocolatey\chocoInstall\tools\chocolateyInstall\helpers\functions\Get-ToolsLocation.ps1","5/10/2023 10:53:30 AM","16707"
"C:\Windows\Temp\chocolatey\chocoInstall\tools\chocolateyInstall\helpers\functions\Get-UACEnabled.ps1","C:\Users\labuser\Documents\Training\Day3\TempCleanupArtifacts\RollbackStore_20260805_113834\C\Windows\Temp\chocolatey\chocoInstall\tools\chocolateyInstall\helpers\functions\Get-UACEnabled.ps1","5/10/2023 10:53:30 AM","14837"
"C:\Windows\Temp\chocolatey\chocoInstall\tools\chocolateyInstall\helpers\functions\Get-UninstallRegistryKey.ps1","C:\Users\labuser\Documents\Training\Day3\TempCleanupArtifacts\RollbackStore_20260805_113834\C\Windows\Temp\chocolatey\chocoInstall\tools\chocolateyInstall\helpers\functions\Get-UninstallRegistryKey.ps1","5/10/2023 10:53:30 AM","18977"
"C:\Windows\Temp\chocolatey\chocoInstall\tools\chocolateyInstall\helpers\functions\Get-VirusCheckValid.ps1","C:\Users\labuser\Documents\Training\Day3\TempCleanupArtifacts\RollbackStore_20260805_113834\C\Windows\Temp\chocolatey\chocoInstall\tools\chocolateyInstall\helpers\functions\Get-VirusCheckValid.ps1","5/10/2023 10:53:30 AM","14761"
"C:\Windows\Temp\chocolatey\chocoInstall\tools\chocolateyInstall\helpers\functions\Get-WebFile.ps1","C:\Users\labuser\Documents\Training\Day3\TempCleanupArtifacts\RollbackStore_20260805_113834\C\Windows\Temp\chocolatey\chocoInstall\tools\chocolateyInstall\helpers\functions\Get-WebFile.ps1","5/10/2023 10:53:30 AM","25773"
"C:\Windows\Temp\chocolatey\chocoInstall\tools\chocolateyInstall\helpers\functions\Get-WebFileName.ps1","C:\Users\labuser\Documents\Training\Day3\TempCleanupArtifacts\RollbackStore_20260805_113834\C\Windows\Temp\chocolatey\chocoInstall\tools\chocolateyInstall\helpers\functions\Get-WebFileName.ps1","5/10/2023 10:53:30 AM","22193"
"C:\Windows\Temp\chocolatey\chocoInstall\tools\chocolateyInstall\helpers\functions\Get-WebHeaders.ps1","C:\Users\labuser\Documents\Training\Day3\TempCleanupArtifacts\RollbackStore_20260805_113834\C\Windows\Temp\chocolatey\chocoInstall\tools\chocolateyInstall\helpers\functions\Get-WebHeaders.ps1","5/10/2023 10:53:30 AM","18851"
"C:\Windows\Temp\chocolatey\chocoInstall\tools\chocolateyInstall\helpers\functions\Install-BinFile.ps1","C:\Users\labuser\Documents\Training\Day3\TempCleanupArtifacts\RollbackStore_20260805_113834\C\Windows\Temp\chocolatey\chocoInstall\tools\chocolateyInstall\helpers\functions\Install-BinFile.ps1","5/10/2023 10:53:30 AM","19229"
"C:\Windows\Temp\chocolatey\chocoInstall\tools\chocolateyInstall\helpers\functions\Install-ChocolateyEnvironmentVariable.ps1","C:\Users\labuser\Documents\Training\Day3\TempCleanupArtifacts\RollbackStore_20260805_113834\C\Windows\Temp\chocolatey\chocoInstall\tools\chocolateyInstall\helpers\functions\Install-ChocolateyEnvironmentVariable.ps1","5/10/2023 10:53:30 AM","17239"
"C:\Windows\Temp\chocolatey\chocoInstall\tools\chocolateyInstall\helpers\functions\Install-ChocolateyExplorerMenuItem.ps1","C:\Users\labuser\Documents\Training\Day3\TempCleanupArtifacts\RollbackStore_20260805_113834\C\Windows\Temp\chocolatey\chocoInstall\tools\chocolateyInstall\helpers\functions\Install-ChocolateyExplorerMenuItem.ps1","5/10/2023 10:53:30 AM","17495"
"C:\Windows\Temp\chocolatey\chocoInstall\tools\chocolateyInstall\helpers\functions\Install-ChocolateyFileAssociation.ps1","C:\Users\labuser\Documents\Training\Day3\TempCleanupArtifacts\RollbackStore_20260805_113834\C\Windows\Temp\chocolatey\chocoInstall\tools\chocolateyInstall\helpers\functions\Install-ChocolateyFileAssociation.ps1","5/10/2023 10:53:30 AM","16026"
"C:\Windows\Temp\chocolatey\chocoInstall\tools\chocolateyInstall\helpers\functions\Install-ChocolateyInstallPackage.ps1","C:\Users\labuser\Documents\Training\Day3\TempCleanupArtifacts\RollbackStore_20260805_113834\C\Windows\Temp\chocolatey\chocoInstall\tools\chocolateyInstall\helpers\functions\Install-ChocolateyInstallPackage.ps1","5/10/2023 10:53:30 AM","27327"
"C:\Windows\Temp\chocolatey\chocoInstall\tools\chocolateyInstall\helpers\functions\Install-ChocolateyPackage.ps1","C:\Users\labuser\Documents\Training\Day3\TempCleanupArtifacts\RollbackStore_20260805_113834\C\Windows\Temp\chocolatey\chocoInstall\tools\chocolateyInstall\helpers\functions\Install-ChocolateyPackage.ps1","5/10/2023 10:53:30 AM","30119"
"C:\Windows\Temp\chocolatey\chocoInstall\tools\chocolateyInstall\helpers\functions\Install-ChocolateyPath.ps1","C:\Users\labuser\Documents\Training\Day3\TempCleanupArtifacts\RollbackStore_20260805_113834\C\Windows\Temp\chocolatey\chocoInstall\tools\chocolateyInstall\helpers\functions\Install-ChocolateyPath.ps1","5/10/2023 10:53:30 AM","17287"
"C:\Windows\Temp\chocolatey\chocoInstall\tools\chocolateyInstall\helpers\functions\Install-ChocolateyPinnedTaskBarItem.ps1","C:\Users\labuser\Documents\Training\Day3\TempCleanupArtifacts\RollbackStore_20260805_113834\C\Windows\Temp\chocolatey\chocoInstall\tools\chocolateyInstall\helpers\functions\Install-ChocolateyPinnedTaskBarItem.ps1","5/10/2023 10:53:30 AM","15602"
"C:\Windows\Temp\chocolatey\chocoInstall\tools\chocolateyInstall\helpers\functions\Install-ChocolateyPowershellCommand.ps1","C:\Users\labuser\Documents\Training\Day3\TempCleanupArtifacts\RollbackStore_20260805_113834\C\Windows\Temp\chocolatey\chocoInstall\tools\chocolateyInstall\helpers\functions\Install-ChocolateyPowershellCommand.ps1","5/10/2023 10:53:30 AM","22265"
"C:\Windows\Temp\chocolatey\chocoInstall\tools\chocolateyInstall\helpers\functions\Install-ChocolateyShortcut.ps1","C:\Users\labuser\Documents\Training\Day3\TempCleanupArtifacts\RollbackStore_20260805_113834\C\Windows\Temp\chocolatey\chocoInstall\tools\chocolateyInstall\helpers\functions\Install-ChocolateyShortcut.ps1","5/10/2023 10:53:30 AM","20857"
"C:\Windows\Temp\chocolatey\chocoInstall\tools\chocolateyInstall\helpers\functions\Install-ChocolateyVsixPackage.ps1","C:\Users\labuser\Documents\Training\Day3\TempCleanupArtifacts\RollbackStore_20260805_113834\C\Windows\Temp\chocolatey\chocoInstall\tools\chocolateyInstall\helpers\functions\Install-ChocolateyVsixPackage.ps1","5/10/2023 10:53:30 AM","21951"
"C:\Windows\Temp\chocolatey\chocoInstall\tools\chocolateyInstall\helpers\functions\Install-ChocolateyZipPackage.ps1","C:\Users\labuser\Documents\Training\Day3\TempCleanupArtifacts\RollbackStore_20260805_113834\C\Windows\Temp\chocolatey\chocoInstall\tools\chocolateyInstall\helpers\functions\Install-ChocolateyZipPackage.ps1","5/10/2023 10:53:30 AM","23097"
"C:\Windows\Temp\chocolatey\chocoInstall\tools\chocolateyInstall\helpers\functions\Install-Vsix.ps1","C:\Users\labuser\Documents\Training\Day3\TempCleanupArtifacts\RollbackStore_20260805_113834\C\Windows\Temp\chocolatey\chocoInstall\tools\chocolateyInstall\helpers\functions\Install-Vsix.ps1","5/10/2023 10:53:30 AM","15124"
"C:\Windows\Temp\chocolatey\chocoInstall\tools\chocolateyInstall\helpers\functions\Set-EnvironmentVariable.ps1","C:\Users\labuser\Documents\Training\Day3\TempCleanupArtifacts\RollbackStore_20260805_113834\C\Windows\Temp\chocolatey\chocoInstall\tools\chocolateyInstall\helpers\functions\Set-EnvironmentVariable.ps1","5/10/2023 10:53:30 AM","17409"
"C:\Windows\Temp\chocolatey\chocoInstall\tools\chocolateyInstall\helpers\functions\Set-PowerShellExitCode.ps1","C:\Users\labuser\Documents\Training\Day3\TempCleanupArtifacts\RollbackStore_20260805_113834\C\Windows\Temp\chocolatey\chocoInstall\tools\chocolateyInstall\helpers\functions\Set-PowerShellExitCode.ps1","5/10/2023 10:53:30 AM","14657"
"C:\Windows\Temp\chocolatey\chocoInstall\tools\chocolateyInstall\helpers\functions\Start-ChocolateyProcessAsAdmin.ps1","C:\Users\labuser\Documents\Training\Day3\TempCleanupArtifacts\RollbackStore_20260805_113834\C\Windows\Temp\chocolatey\chocoInstall\tools\chocolateyInstall\helpers\functions\Start-ChocolateyProcessAsAdmin.ps1","5/10/2023 10:53:30 AM","29009"
"C:\Windows\Temp\chocolatey\chocoInstall\tools\chocolateyInstall\helpers\functions\Test-ProcessAdminRights.ps1","C:\Users\labuser\Documents\Training\Day3\TempCleanupArtifacts\RollbackStore_20260805_113834\C\Windows\Temp\chocolatey\chocoInstall\tools\chocolateyInstall\helpers\functions\Test-ProcessAdminRights.ps1","5/10/2023 10:53:30 AM","14859"
"C:\Windows\Temp\chocolatey\chocoInstall\tools\chocolateyInstall\helpers\functions\Uninstall-BinFile.ps1","C:\Users\labuser\Documents\Training\Day3\TempCleanupArtifacts\RollbackStore_20260805_113834\C\Windows\Temp\chocolatey\chocoInstall\tools\chocolateyInstall\helpers\functions\Uninstall-BinFile.ps1","5/10/2023 10:53:30 AM","16629"
"C:\Windows\Temp\chocolatey\chocoInstall\tools\chocolateyInstall\helpers\functions\Uninstall-ChocolateyEnvironmentVariable.ps1","C:\Users\labuser\Documents\Training\Day3\TempCleanupArtifacts\RollbackStore_20260805_113834\C\Windows\Temp\chocolatey\chocoInstall\tools\chocolateyInstall\helpers\functions\Uninstall-ChocolateyEnvironmentVariable.ps1","5/10/2023 10:53:30 AM","16077"
"C:\Windows\Temp\chocolatey\chocoInstall\tools\chocolateyInstall\helpers\functions\Uninstall-ChocolateyPackage.ps1","C:\Users\labuser\Documents\Training\Day3\TempCleanupArtifacts\RollbackStore_20260805_113834\C\Windows\Temp\chocolatey\chocoInstall\tools\chocolateyInstall\helpers\functions\Uninstall-ChocolateyPackage.ps1","5/10/2023 10:53:30 AM","19009"
"C:\Windows\Temp\chocolatey\chocoInstall\tools\chocolateyInstall\helpers\functions\UnInstall-ChocolateyZipPackage.ps1","C:\Users\labuser\Documents\Training\Day3\TempCleanupArtifacts\RollbackStore_20260805_113834\C\Windows\Temp\chocolatey\chocoInstall\tools\chocolateyInstall\helpers\functions\UnInstall-ChocolateyZipPackage.ps1","5/10/2023 10:53:30 AM","15842"
"C:\Windows\Temp\chocolatey\chocoInstall\tools\chocolateyInstall\helpers\functions\Update-SessionEnvironment.ps1","C:\Users\labuser\Documents\Training\Day3\TempCleanupArtifacts\RollbackStore_20260805_113834\C\Windows\Temp\chocolatey\chocoInstall\tools\chocolateyInstall\helpers\functions\Update-SessionEnvironment.ps1","5/10/2023 10:53:30 AM","16558"
"C:\Windows\Temp\chocolatey\chocoInstall\tools\chocolateyInstall\helpers\functions\Write-FunctionCallLogMessage.ps1","C:\Users\labuser\Documents\Training\Day3\TempCleanupArtifacts\RollbackStore_20260805_113834\C\Windows\Temp\chocolatey\chocoInstall\tools\chocolateyInstall\helpers\functions\Write-FunctionCallLogMessage.ps1","5/10/2023 10:53:30 AM","14920"
"C:\Windows\Temp\chocolatey\chocoInstall\tools\chocolateyInstall\redirects\choco.exe","C:\Users\labuser\Documents\Training\Day3\TempCleanupArtifacts\RollbackStore_20260805_113834\C\Windows\Temp\chocolatey\chocoInstall\tools\chocolateyInstall\redirects\choco.exe","5/10/2023 10:53:32 AM","146048"
"C:\Windows\Temp\chocolatey\chocoInstall\tools\chocolateyInstall\redirects\choco.exe.ignore","C:\Users\labuser\Documents\Training\Day3\TempCleanupArtifacts\RollbackStore_20260805_113834\C\Windows\Temp\chocolatey\chocoInstall\tools\chocolateyInstall\redirects\choco.exe.ignore","5/10/2023 10:53:32 AM","2"
"C:\Windows\Temp\chocolatey\chocoInstall\tools\chocolateyInstall\redirects\chocolatey.exe","C:\Users\labuser\Documents\Training\Day3\TempCleanupArtifacts\RollbackStore_20260805_113834\C\Windows\Temp\chocolatey\chocoInstall\tools\chocolateyInstall\redirects\chocolatey.exe","5/10/2023 10:53:32 AM","146560"
"C:\Windows\Temp\chocolatey\chocoInstall\tools\chocolateyInstall\redirects\chocolatey.exe.ignore","C:\Users\labuser\Documents\Training\Day3\TempCleanupArtifacts\RollbackStore_20260805_113834\C\Windows\Temp\chocolatey\chocoInstall\tools\chocolateyInstall\redirects\chocolatey.exe.ignore","5/10/2023 10:53:32 AM","2"
"C:\Windows\Temp\chocolatey\chocoInstall\tools\chocolateyInstall\redirects\cinst.exe","C:\Users\labuser\Documents\Training\Day3\TempCleanupArtifacts\RollbackStore_20260805_113834\C\Windows\Temp\chocolatey\chocoInstall\tools\chocolateyInstall\redirects\cinst.exe","5/10/2023 10:53:32 AM","146560"
"C:\Windows\Temp\chocolatey\chocoInstall\tools\chocolateyInstall\redirects\cinst.exe.ignore","C:\Users\labuser\Documents\Training\Day3\TempCleanupArtifacts\RollbackStore_20260805_113834\C\Windows\Temp\chocolatey\chocoInstall\tools\chocolateyInstall\redirects\cinst.exe.ignore","5/10/2023 10:53:32 AM","2"
"C:\Windows\Temp\chocolatey\chocoInstall\tools\chocolateyInstall\redirects\clist.exe","C:\Users\labuser\Documents\Training\Day3\TempCleanupArtifacts\RollbackStore_20260805_113834\C\Windows\Temp\chocolatey\chocoInstall\tools\chocolateyInstall\redirects\clist.exe","5/10/2023 10:53:32 AM","146560"
"C:\Windows\Temp\chocolatey\chocoInstall\tools\chocolateyInstall\redirects\clist.exe.ignore","C:\Users\labuser\Documents\Training\Day3\TempCleanupArtifacts\RollbackStore_20260805_113834\C\Windows\Temp\chocolatey\chocoInstall\tools\chocolateyInstall\redirects\clist.exe.ignore","5/10/2023 10:53:32 AM","2"
"C:\Windows\Temp\chocolatey\chocoInstall\tools\chocolateyInstall\redirects\cpush.exe","C:\Users\labuser\Documents\Training\Day3\TempCleanupArtifacts\RollbackStore_20260805_113834\C\Windows\Temp\chocolatey\chocoInstall\tools\chocolateyInstall\redirects\cpush.exe","5/10/2023 10:53:32 AM","146560"
"C:\Windows\Temp\chocolatey\chocoInstall\tools\chocolateyInstall\redirects\cpush.exe.ignore","C:\Users\labuser\Documents\Training\Day3\TempCleanupArtifacts\RollbackStore_20260805_113834\C\Windows\Temp\chocolatey\chocoInstall\tools\chocolateyInstall\redirects\cpush.exe.ignore","5/10/2023 10:53:32 AM","2"
"C:\Windows\Temp\chocolatey\chocoInstall\tools\chocolateyInstall\redirects\cuninst.exe","C:\Users\labuser\Documents\Training\Day3\TempCleanupArtifacts\RollbackStore_20260805_113834\C\Windows\Temp\chocolatey\chocoInstall\tools\chocolateyInstall\redirects\cuninst.exe","5/10/2023 10:53:32 AM","146560"
"C:\Windows\Temp\chocolatey\chocoInstall\tools\chocolateyInstall\redirects\cuninst.exe.ignore","C:\Users\labuser\Documents\Training\Day3\TempCleanupArtifacts\RollbackStore_20260805_113834\C\Windows\Temp\chocolatey\chocoInstall\tools\chocolateyInstall\redirects\cuninst.exe.ignore","5/10/2023 10:53:32 AM","2"
"C:\Windows\Temp\chocolatey\chocoInstall\tools\chocolateyInstall\redirects\cup.exe","C:\Users\labuser\Documents\Training\Day3\TempCleanupArtifacts\RollbackStore_20260805_113834\C\Windows\Temp\chocolatey\chocoInstall\tools\chocolateyInstall\redirects\cup.exe","5/10/2023 10:53:32 AM","146560"
"C:\Windows\Temp\chocolatey\chocoInstall\tools\chocolateyInstall\redirects\cup.exe.ignore","C:\Users\labuser\Documents\Training\Day3\TempCleanupArtifacts\RollbackStore_20260805_113834\C\Windows\Temp\chocolatey\chocoInstall\tools\chocolateyInstall\redirects\cup.exe.ignore","5/10/2023 10:53:32 AM","2"
"C:\Windows\Temp\chocolatey\chocoInstall\tools\chocolateyInstall\redirects\RefreshEnv.cmd","C:\Users\labuser\Documents\Training\Day3\TempCleanupArtifacts\RollbackStore_20260805_113834\C\Windows\Temp\chocolatey\chocoInstall\tools\chocolateyInstall\redirects\RefreshEnv.cmd","5/10/2023 10:53:32 AM","2340"
"C:\Windows\Temp\chocolatey\chocoInstall\tools\chocolateyInstall\tools\7z.dll","C:\Users\labuser\Documents\Training\Day3\TempCleanupArtifacts\RollbackStore_20260805_113834\C\Windows\Temp\chocolatey\chocoInstall\tools\chocolateyInstall\tools\7z.dll","5/10/2023 10:53:32 AM","1167872"
"C:\Windows\Temp\chocolatey\chocoInstall\tools\chocolateyInstall\tools\7z.dll.manifest","C:\Users\labuser\Documents\Training\Day3\TempCleanupArtifacts\RollbackStore_20260805_113834\C\Windows\Temp\chocolatey\chocoInstall\tools\chocolateyInstall\tools\7z.dll.manifest","5/10/2023 10:53:32 AM","513"
"C:\Windows\Temp\chocolatey\chocoInstall\tools\chocolateyInstall\tools\7z.exe","C:\Users\labuser\Documents\Training\Day3\TempCleanupArtifacts\RollbackStore_20260805_113834\C\Windows\Temp\chocolatey\chocoInstall\tools\chocolateyInstall\tools\7z.exe","5/10/2023 10:53:32 AM","331776"
"C:\Windows\Temp\chocolatey\chocoInstall\tools\chocolateyInstall\tools\7z.exe.ignore","C:\Users\labuser\Documents\Training\Day3\TempCleanupArtifacts\RollbackStore_20260805_113834\C\Windows\Temp\chocolatey\chocoInstall\tools\chocolateyInstall\tools\7z.exe.ignore","5/10/2023 10:53:32 AM","0"
"C:\Windows\Temp\chocolatey\chocoInstall\tools\chocolateyInstall\tools\7z.exe.manifest","C:\Users\labuser\Documents\Training\Day3\TempCleanupArtifacts\RollbackStore_20260805_113834\C\Windows\Temp\chocolatey\chocoInstall\tools\chocolateyInstall\tools\7z.exe.manifest","5/10/2023 10:53:32 AM","513"
"C:\Windows\Temp\chocolatey\chocoInstall\tools\chocolateyInstall\tools\7zip.license.txt","C:\Users\labuser\Documents\Training\Day3\TempCleanupArtifacts\RollbackStore_20260805_113834\C\Windows\Temp\chocolatey\chocoInstall\tools\chocolateyInstall\tools\7zip.license.txt","5/10/2023 10:53:32 AM","1927"
"C:\Windows\Temp\chocolatey\chocoInstall\tools\chocolateyInstall\tools\checksum.exe","C:\Users\labuser\Documents\Training\Day3\TempCleanupArtifacts\RollbackStore_20260805_113834\C\Windows\Temp\chocolatey\chocoInstall\tools\chocolateyInstall\tools\checksum.exe","5/10/2023 10:53:32 AM","38528"
"C:\Windows\Temp\chocolatey\chocoInstall\tools\chocolateyInstall\tools\checksum.exe.config","C:\Users\labuser\Documents\Training\Day3\TempCleanupArtifacts\RollbackStore_20260805_113834\C\Windows\Temp\chocolatey\chocoInstall\tools\chocolateyInstall\tools\checksum.exe.config","5/10/2023 10:53:32 AM","150"
"C:\Windows\Temp\chocolatey\chocoInstall\tools\chocolateyInstall\tools\checksum.exe.ignore","C:\Users\labuser\Documents\Training\Day3\TempCleanupArtifacts\RollbackStore_20260805_113834\C\Windows\Temp\chocolatey\chocoInstall\tools\chocolateyInstall\tools\checksum.exe.ignore","5/10/2023 10:53:32 AM","0"
"C:\Windows\Temp\chocolatey\chocoInstall\tools\chocolateyInstall\tools\checksum.license.txt","C:\Users\labuser\Documents\Training\Day3\TempCleanupArtifacts\RollbackStore_20260805_113834\C\Windows\Temp\chocolatey\chocoInstall\tools\chocolateyInstall\tools\checksum.license.txt","5/10/2023 10:53:32 AM","95"
"C:\Windows\Temp\chocolatey\chocoInstall\tools\chocolateyInstall\tools\shimgen.exe","C:\Users\labuser\Documents\Training\Day3\TempCleanupArtifacts\RollbackStore_20260805_113834\C\Windows\Temp\chocolatey\chocoInstall\tools\chocolateyInstall\tools\shimgen.exe","5/10/2023 10:53:32 AM","568448"
"C:\Windows\Temp\chocolatey\chocoInstall\tools\chocolateyInstall\tools\shimgen.exe.ignore","C:\Users\labuser\Documents\Training\Day3\TempCleanupArtifacts\RollbackStore_20260805_113834\C\Windows\Temp\chocolatey\chocoInstall\tools\chocolateyInstall\tools\shimgen.exe.ignore","5/10/2023 10:53:32 AM","0"
"C:\Windows\Temp\chocolatey\chocoInstall\tools\chocolateyInstall\tools\shimgen.license.txt","C:\Users\labuser\Documents\Training\Day3\TempCleanupArtifacts\RollbackStore_20260805_113834\C\Windows\Temp\chocolatey\chocoInstall\tools\chocolateyInstall\tools\shimgen.license.txt","5/10/2023 10:53:32 AM","3758"
"C:\Windows\Temp\chocolatey\chocoInstall\_rels\.rels","C:\Users\labuser\Documents\Training\Day3\TempCleanupArtifacts\RollbackStore_20260805_113834\C\Windows\Temp\chocolatey\chocoInstall\_rels\.rels","5/10/2023 10:53:32 AM","495"
"C:\Windows\Temp\chocolatey\vscode.install\1.131.0\install.log","C:\Users\labuser\Documents\Training\Day3\TempCleanupArtifacts\RollbackStore_20260805_113834\C\Windows\Temp\chocolatey\vscode.install\1.131.0\install.log","8/3/2026 7:56:37 AM","1113901"
"C:\Windows\Temp\chocolatey\vscode.install\1.131.0\VSCodeSetup-x64-1.131.0.exe","C:\Users\labuser\Documents\Training\Day3\TempCleanupArtifacts\RollbackStore_20260805_113834\C\Windows\Temp\chocolatey\vscode.install\1.131.0\VSCodeSetup-x64-1.131.0.exe","8/3/2026 7:55:16 AM","232347688"
